review_id,review,category
1,"My order was processed incorrectly, and I received the wrong items.",Operational Issues
2,"Unfortunately, the product did not meet my expectations. It stopped working after a week.",Product Feedback
3,The support staff was knowledgeable and provided excellent assistance.,Customer Service
4,"The packaging was damaged upon arrival, and some items were missing from my order.",Operational Issues
5,Delivery was on time and the product was in excellent condition.,Operational Issues
6,The customer service was outstanding. They resolved my issue within minutes.,Customer Service
7,This site is a scam. They took my money and never sent the product.,Fraud and Scam
8,No fraudulent activity or scam during my transaction.,Fraud and Scam
9,This site is a scam. They took my money and never sent the product.,Fraud and Scam
10,Great value for money. The product performs very well and is worth the price.,Product Feedback
11,"The delivery was delayed by two weeks, which was very inconvenient.",Operational Issues
12,"Delivery was delayed by a week, causing inconvenience.",Operational Issues
13,Customer service was helpful and provided a quick resolution for my concern.,Customer Service
14,I faced several issues while placing my order on the website. It kept crashing.,Operational Issues
15,The customer service was outstanding. They resolved my issue within minutes.,Customer Service
16,"There were glitches on the website, making it difficult to complete my purchase.",Operational Issues
17,I had a great experience with the support team. They were very helpful and friendly.,Customer Service
18,Great value for money. The product performs very well and is worth the price.,Product Feedback
19,I faced several issues while placing my order on the website. It kept crashing.,Operational Issues
20,The customer service was outstanding. They resolved my issue within minutes.,Customer Service
21,The support staff was knowledgeable and provided excellent assistance.,Customer Service
22,"I was scammed, I received a product that did not meet my expectations.",Fraud and Scam
23,The product's performance is impressive and consistent.,Product Feedback
24,I was scammed by this seller. The product I received was not as advertised.,Fraud and Scam
25,"The packaging was damaged upon arrival, and some items were missing from my order.",Operational Issues
26,I encountered a scam where the seller asked for additional payment after placing the order.,Fraud and Scam
27,"Unfortunately, the customer service was not helpful. My issue remains unresolved.",Customer Service
28,The product's features are user-friendly and convenient.,Product Feedback
29,"The ordering process was smooth, but the delivery was delayed significantly.",Operational Issues
30,I faced several issues while placing my order on the website. It kept crashing.,Operational Issues
31,"My order was processed incorrectly, and I received the wrong items.",Operational Issues
32,"The packaging was damaged upon arrival, and some items were missing from my order.",Operational Issues
33,I faced several issues while placing my order on the website. It kept crashing.,Operational Issues
34,Great value for money. The product performs very well and is worth the price.,Product Feedback
35,I faced several issues while placing my order on the website. It kept crashing.,Operational Issues
36,I was scammed by this seller. The product I received was not as advertised.,Fraud and Scam
37,"The packaging was damaged upon arrival, and some items were missing from my order.",Operational Issues
38,Great value for money. The product performs very well and is worth the price.,Product Feedback
39,I faced several issues while placing my order on the website. It kept crashing.,Operational Issues
40,I encountered a scam where the seller asked for additional payment after placing the order.,Fraud and Scam
41,"Unfortunately, the customer service was not helpful. My issue remains unresolved.",Customer Service
42,No signs of fraudulent activity or scam during my purchase.,Fraud and Scam
43,I found the product to be very durable and well-made. Highly recommended!,Product Feedback
44,"Unfortunately, the product did not meet my expectations. It stopped working after a week.",Product Feedback
45,I encountered a scam where the seller asked for additional payment after placing the order.,Fraud and Scam
46,"I had to wait for a long time to get a response from customer service, which was frustrating.",Customer Service
47,I found the product to be very durable and well-made. Highly recommended!,Product Feedback
48,I suspect fraudulent activity as I was charged multiple times for a single purchase.,Fraud and Scam
49,I had a great experience with the support team. They were very helpful and friendly.,Customer Service
50,Delivery was on time and the product was in excellent condition.,Operational Issues
51,Customer service was unhelpful and my issue remains unresolved.,Customer Service
52,Great value for money. The product performs very well and is worth the price.,Product Feedback
53,I faced several issues while placing my order on the website. It kept crashing.,Operational Issues
54,This site is a scam. They took my money and never sent the product.,Fraud and Scam
55,I encountered a scam where the seller asked for additional payment after placing the order.,Fraud and Scam
56,Customer service was not helpful and did not provide a satisfactory solution to my issue.,Customer Service
57,The product quality is excellent. It works exactly as described and exceeds my expectations.,Product Feedback
58,The customer service was outstanding. They resolved my issue within minutes.,Customer Service
59,The customer service was outstanding. They resolved my issue within minutes.,Customer Service
60,"There were glitches on the website, making it difficult to complete my purchase.",Operational Issues
61,Customer service was friendly and provided a quick resolution for my concern.,Customer Service
62,"The delivery was delayed by two weeks, which was very inconvenient.",Operational Issues
63,Beware of fraudulent activities. I never received my order despite being charged.,Fraud and Scam
64,The support staff was knowledgeable and provided excellent assistance.,Customer Service
65,I had a great experience with the support team. They were very helpful and friendly.,Customer Service
66,The customer service was outstanding. They resolved my issue within minutes.,Customer Service
67,The customer service was outstanding. They resolved my issue within minutes.,Customer Service
68,Beware of fraudulent activities. I never received my order despite being charged.,Fraud and Scam
69,"Delivery was delayed by a week, causing inconvenience.",Operational Issues
70,"There were glitches on the website, making it difficult to complete my purchase.",Operational Issues
71,"My order was processed incorrectly, and I received the wrong items.",Operational Issues
72,"The packaging was damaged upon arrival, and some items were missing from my order.",Operational Issues
73,Great value for money. The product performs very well and is worth the price.,Product Feedback
74,The features of this product are innovative and very useful for my daily needs.,Product Feedback
75,Delivery was on time and the product was in excellent condition.,Operational Issues
76,"Unfortunately, the customer service was not helpful. My issue remains unresolved.",Customer Service
77,"Delivery was delayed, but the company provided a satisfactory explanation and compensation.",Operational Issues
78,The product's performance is robust and durable.,Product Feedback
79,"I was scammed, I received a product that was not related to my order.",Fraud and Scam
80,"The product is a must-have, the features are incredibly useful and innovative.",Product Feedback
81,The product quality is excellent. It works exactly as described and exceeds my expectations.,Product Feedback
82,I suspect fraudulent activity as I was charged multiple times for a single purchase.,Fraud and Scam
83,No fraudulent activity or scam during my transaction.,Fraud and Scam
84,No fraudulent activity or scam during my purchase.,Fraud and Scam
85,"Unfortunately, the product did not meet my expectations. It stopped working after a week.",Product Feedback
86,"Unfortunately, the product did not meet my expectations. It stopped working after a week.",Product Feedback
87,"The packaging was damaged upon arrival, and some items were missing from my order.",Operational Issues
88,I was scammed by this seller. The product I received was not as advertised.,Fraud and Scam
89,"The product's design is traditional and nostalgic, I love it!",Product Feedback
90,"Unfortunately, the customer service was not helpful. My issue remains unresolved.",Customer Service
91,"The delivery was delayed by two weeks, which was very inconvenient.",Operational Issues
92,I faced several issues while placing my order on the website. It kept crashing.,Operational Issues
93,The features of this product are innovative and very useful for my daily needs.,Product Feedback
94,"I had to wait for a long time to get a response from customer service, which was frustrating.",Customer Service
95,Beware of fraudulent activities. I never received my order despite being charged.,Fraud and Scam
96,I was scammed by this seller. The product I received was not as advertised.,Fraud and Scam
97,"My order was processed incorrectly, and I received the wrong items.",Operational Issues
98,Delivery was on time and the product was in excellent condition.,Operational Issues
99,Delivery was on time and the product was in excellent condition.,Operational Issues
100,Customer service was responsive and provided quick resolution.,Customer Service
101,Delivery was on time and the product was in excellent condition.,Operational Issues
102,I encountered a scam where the seller asked for additional payment after placing the order.,Fraud and Scam
103,The product's features are innovative and cutting-edge.,Product Feedback
104,I was scammed by this seller. The product I received was not as advertised.,Fraud and Scam
105,I faced several issues while placing my order on the website. It kept crashing.,Operational Issues
106,This site is a scam. They took my money and never sent the product.,Fraud and Scam
107,"My order was processed incorrectly, and I received the wrong items.",Operational Issues
108,I found the product to be very durable and well-made. Highly recommended!,Product Feedback
109,Beware of fraudulent activities. I never received my order despite being charged.,Fraud and Scam
110,This site is a scam. They took my money and never sent the product.,Fraud and Scam
111,This site is a scam. They took my money and never sent the product.,Fraud and Scam
112,I had a great experience with the support team. They were very helpful and friendly.,Customer Service
113,The features of this product are innovative and very useful for my daily needs.,Product Feedback
114,"I had to wait for a long time to get a response from customer service, which was frustrating.",Customer Service
115,I faced several issues while placing my order on the website. It kept crashing.,Operational Issues
116,I was scammed by this seller. The product I received was not as advertised.,Fraud and Scam
117,The customer service was outstanding. They resolved my issue within minutes.,Customer Service
118,"The delivery was delayed by two weeks, which was very inconvenient.",Operational Issues
119,"Beware of fraudulent activities, I never received my order despite being charged.",Fraud and Scam
120,I faced several issues while placing my order on the website. It kept crashing.,Operational Issues
121,I was scammed by this seller. The product I received was not as advertised.,Fraud and Scam
122,I suspect fraudulent activity as I was charged multiple times for a single purchase.,Fraud and Scam
123,I suspect fraudulent activity as I was charged multiple times for a single purchase.,Fraud and Scam
124,I was scammed by this seller. The product I received was not as advertised.,Fraud and Scam
125,I encountered a scam where the seller asked for additional payment after placing the order.,Fraud and Scam
126,"The product performed very well and was worth the price, great value for money.",Product Feedback
127,"My order was processed incorrectly, and I received the wrong items.",Operational Issues
128,I had a great experience with the support team. They were very helpful and friendly.,Customer Service
129,The support staff was knowledgeable and provided excellent assistance.,Customer Service
130,I encountered a scam where the seller asked for additional payment after placing the order.,Fraud and Scam
131,"My order was processed incorrectly, and I received the wrong items.",Operational Issues
132,"The packaging was damaged upon arrival, and some items were missing from my order.",Operational Issues
133,Great value for money. The product performs very well and is worth the price.,Product Feedback
134,I suspect fraudulent activity as I was charged multiple times for a single purchase.,Fraud and Scam
135,I was scammed by this seller. The product I received was not as advertised.,Fraud and Scam
136,"Unfortunately, the customer service was not helpful. My issue remains unresolved.",Customer Service
137,The product quality is excellent. It works exactly as described and exceeds my expectations.,Product Feedback
138,"My order was processed incorrectly, and I received the wrong items.",Operational Issues
139,The customer service was outstanding. They resolved my issue within minutes.,Customer Service
140,The support staff was knowledgeable and provided excellent assistance.,Customer Service
141,This site is a scam. They took my money and never sent the product.,Fraud and Scam
142,"There were glitches on the website, making it difficult to complete my purchase.",Operational Issues
143,I encountered a scam where the seller asked for additional payment after placing the order.,Fraud and Scam
144,I encountered a scam where the seller asked for additional payment after placing the order.,Fraud and Scam
145,"Unfortunately, the product did not meet my expectations. It stopped working after a week.",Product Feedback
146,Customer service was responsive and provided quick resolution.,Customer Service
147,"My order was processed incorrectly, and I received the wrong items.",Operational Issues
148,"My order was processed incorrectly, and I received the wrong items.",Operational Issues
149,"The product's design is minimalist and elegant, I love it!",Product Feedback
150,"Unfortunately, the product did not meet my expectations. It stopped working after a week.",Product Feedback
151,Customer service was very professional and provided clear instructions throughout the purchasing process.,Customer Service
152,"My order was processed incorrectly, and I received the wrong items.",Operational Issues
153,Great value for money. The product performs very well and is worth the price.,Product Feedback
154,Beware of fraudulent activities. I never received my order despite being charged.,Fraud and Scam
155,The support staff was knowledgeable and provided excellent assistance.,Customer Service
156,"Unfortunately, the customer service was not helpful. My issue remains unresolved.",Customer Service
157,"The packaging was damaged upon arrival, and some items were missing from my order.",Operational Issues
158,I found the product to be very durable and well-made. Highly recommended!,Product Feedback
159,No fraudulent activity or scam during my transaction.,Fraud and Scam
160,"I had to wait for a long time to get a response from customer service, which was frustrating.",Customer Service
161,"There were glitches on the website, making it difficult to complete my purchase.",Operational Issues
162,I faced several issues while placing my order on the website. It kept crashing.,Operational Issues
163,"The delivery was delayed by two weeks, which was very inconvenient.",Operational Issues
164,I encountered a scam where the seller asked for additional payment after placing the order.,Fraud and Scam
165,The support staff was knowledgeable and provided excellent assistance.,Customer Service
166,"My order was processed incorrectly, and I received the wrong items.",Operational Issues
167,"There were glitches on the website, making it difficult to complete my purchase.",Operational Issues
168,I had a great experience with the support team. They were very helpful and friendly.,Customer Service
169,Beware of fraudulent activities. I never received my order despite being charged.,Fraud and Scam
170,"I was scammed, I received a product that was not related to my order.",Fraud and Scam
171,I found the product to be very durable and well-made. Highly recommended!,Product Feedback
172,"Unfortunately, the product did not meet my expectations. It stopped working after a week.",Product Feedback
173,I suspect fraudulent activity as I was charged multiple times for a single purchase.,Fraud and Scam
174,"My order was processed incorrectly, and I received the wrong items.",Operational Issues
175,Delivery was on time and the product was in perfect condition.,Operational Issues
176,The product's design is unique and visually appealing.,Product Feedback
177,Customer service was friendly and provided a quick resolution for my concern.,Customer Service
178,I was scammed by this seller. The product I received was not as advertised.,Fraud and Scam
179,I suspect fraudulent activity as I was charged multiple times for a single purchase.,Fraud and Scam
180,"I had to wait for a long time to get a response from customer service, which was frustrating.",Customer Service
181,The product quality is excellent and exceeds my expectations.,Product Feedback
182,I found the product to be very durable and well-made. Highly recommended!,Product Feedback
183,No fraudulent activity or scam during my transaction.,Fraud and Scam
184,Beware of fraudulent activities. I never received my order despite being charged.,Fraud and Scam
185,I found the product to be very durable and well-made. Highly recommended!,Product Feedback
186,I suspect fraudulent activity as I was charged multiple times for a single purchase.,Fraud and Scam
187,The product's features are user-friendly and easy to use.,Product Feedback
188,I had a great experience with the support team. They were very helpful and friendly.,Customer Service
189,"The packaging was damaged upon arrival, and some items were missing from my order.",Operational Issues
190,No signs of fraudulent activity or scam during my purchase.,Fraud and Scam
191,The support team was knowledgeable and provided a satisfactory solution to my issue.,Customer Service
192,"Unfortunately, the customer service was not helpful. My issue remains unresolved.",Customer Service
193,"Unfortunately, the customer service was not helpful. My issue remains unresolved.",Customer Service
194,"I was not a victim of fraud, the seller was transparent and provided a clear refund policy.",Fraud and Scam
195,No signs of fraudulent activity or scam during my transaction.,Fraud and Scam
196,"Unfortunately, the customer service was not helpful. My issue remains unresolved.",Customer Service
197,Suspected fraudulent activity as I was charged multiple times.,Fraud and Scam
198,The features of this product are innovative and very useful for my daily needs.,Product Feedback
199,"Unfortunately, the customer service was not helpful. My issue remains unresolved.",Customer Service
200,"Delivery was delayed, but the company provided a satisfactory explanation and compensation.",Operational Issues
201,"The delivery was delayed by two weeks, which was very inconvenient.",Operational Issues
202,The product's performance is fast and powerful.,Product Feedback
203,The customer service was outstanding. They resolved my issue within minutes.,Customer Service
204,"Unfortunately, the customer service was not helpful. My issue remains unresolved.",Customer Service
205,I suspect fraudulent activity as I was charged multiple times for a single purchase.,Fraud and Scam
206,I faced several issues while placing my order on the website. It kept crashing.,Operational Issues
207,No fraudulent activity or scam during my transaction.,Fraud and Scam
208,The customer service was outstanding. They resolved my issue within minutes.,Customer Service
209,I faced several issues while placing my order on the website. It kept crashing.,Operational Issues
210,No signs of fraudulent activity or scam during my purchase.,Fraud and Scam
211,"Unfortunately, the product did not meet my expectations. It stopped working after a week.",Product Feedback
212,No fraudulent activity or scam during my transaction.,Fraud and Scam
213,"There were glitches on the website, making it difficult to complete my purchase.",Operational Issues
214,This site is a scam. They took my money and never sent the product.,Fraud and Scam
215,The product quality is excellent. It works exactly as described and exceeds my expectations.,Product Feedback
216,"The delivery process had some operational issues, but I received a replacement product.",Operational Issues
217,"The delivery was delayed by two weeks, which was very inconvenient.",Operational Issues
218,The product quality is excellent. It works exactly as described and exceeds my expectations.,Product Feedback
219,Beware of fraudulent activities. I never received my order despite being charged.,Fraud and Scam
220,This site is a scam. They took my money and never sent the product.,Fraud and Scam
221,I had a great experience with the support team. They were very helpful and friendly.,Customer Service
222,This site is a scam. They took my money and never sent the product.,Fraud and Scam
223,"I was a victim of fraud, the seller provided a counterfeit product.",Fraud and Scam
224,Great value for money. The product performs very well and is worth the price.,Product Feedback
225,Great value for money. The product performs very well and is worth the price.,Product Feedback
226,"Unfortunately, the product did not meet my expectations. It stopped working after a week.",Product Feedback
227,Customer service was responsive and provided excellent assistance.,Customer Service
228,Beware of fraudulent activities. I never received my order despite being charged.,Fraud and Scam
229,The product quality is excellent. It works exactly as described and exceeds my expectations.,Product Feedback
230,"Unfortunately, the product did not meet my expectations. It stopped working after a week.",Product Feedback
231,This site is a scam. They took my money and never sent the product.,Fraud and Scam
232,The support staff was knowledgeable and provided excellent assistance.,Customer Service
233,"There were glitches on the website, making it difficult to complete my purchase.",Operational Issues
234,Great value for money. The product performs very well and is worth the price.,Product Feedback
235,Delivery was on time and the product was in perfect condition.,Operational Issues
236,No signs of fraudulent activity or scam during my purchase.,Fraud and Scam
237,"The packaging was damaged upon arrival, and some items were missing from my order.",Operational Issues
238,The support team was knowledgeable and provided a satisfactory solution to my issue.,Customer Service
239,Customer service was incredibly helpful and resolved my issue promptly.,Customer Service
240,I faced several issues while placing my order on the website. It kept crashing.,Operational Issues
241,I suspect fraudulent activity as I was charged multiple times for a single purchase.,Fraud and Scam
242,No fraudulent activity or scam during my transaction.,Fraud and Scam
243,"I had to wait for a long time to get a response from customer service, which was frustrating.",Customer Service
244,The product's performance is impressive and exceeded my expectations.,Product Feedback
245,Beware of fraudulent activities. I never received my order despite being charged.,Fraud and Scam
246,This site is a scam. They took my money and never sent the product.,Fraud and Scam
247,"The packaging was damaged upon arrival, and some items were missing from my order.",Operational Issues
248,The support staff was knowledgeable and provided excellent assistance.,Customer Service
249,Beware of fraudulent activities. I never received my order despite being charged.,Fraud and Scam
250,"Delivery was delayed by a week, causing inconvenience.",Operational Issues
251,"I had to wait for a long time to get a response from customer service, which was frustrating.",Customer Service
252,"The delivery was delayed by two weeks, which was very inconvenient.",Operational Issues
253,"The delivery was delayed by two weeks, which was very inconvenient.",Operational Issues
254,The features of this product are innovative and very useful for my daily needs.,Product Feedback
255,"Unfortunately, the customer service was not helpful. My issue remains unresolved.",Customer Service
256,The customer service team was knowledgeable and provided great assistance.,Customer Service
257,"There were glitches on the website, making it difficult to complete my purchase.",Operational Issues
258,The customer service was outstanding. They resolved my issue within minutes.,Customer Service
259,I suspect fraudulent activity as I was charged multiple times for a single purchase.,Fraud and Scam
260,I found the product to be very durable and well-made. Highly recommended!,Product Feedback
261,"Unfortunately, the customer service was not helpful. My issue remains unresolved.",Customer Service
262,"My order was processed incorrectly, and I received the wrong items.",Operational Issues
263,Customer service was responsive and provided a satisfactory solution.,Customer Service
264,I faced several issues while placing my order on the website. It kept crashing.,Operational Issues
265,"Unfortunately, the product did not meet my expectations. It stopped working after a week.",Product Feedback
266,I encountered a scam where the seller asked for additional payment after placing the order.,Fraud and Scam
267,This site is a scam. They took my money and never sent the product.,Fraud and Scam
268,I encountered a scam where the seller asked for additional payment after placing the order.,Fraud and Scam
269,The product's features are intuitive and easy to use.,Product Feedback
270,"There were glitches on the website, making it difficult to complete my purchase.",Operational Issues
271,"The product's design is functional and practical, I love it!",Product Feedback
272,The delivery was on time and the packaging was in excellent condition.,Operational Issues
273,I suspect fraudulent activity as I was charged multiple times for a single purchase.,Fraud and Scam
274,The features of this product are innovative and very useful for my daily needs.,Product Feedback
275,"The ordering process was smooth, but the delivery was delayed significantly.",Operational Issues
276,I found the product to be very durable and well-made. Highly recommended!,Product Feedback
277,The customer service was outstanding. They resolved my issue within minutes.,Customer Service
278,"There were glitches on the website, making it difficult to complete my purchase.",Operational Issues
279,"There were glitches on the website, making it difficult to complete my purchase.",Operational Issues
280,No fraudulent activity or scam during my purchase.,Fraud and Scam
281,"Unfortunately, the product did not meet my expectations. It stopped working after a week.",Product Feedback
282,Suspected fraudulent activity as I was charged multiple times.,Fraud and Scam
283,The customer service was outstanding. They resolved my issue within minutes.,Customer Service
284,"The delivery was delayed by two weeks, which was very inconvenient.",Operational Issues
285,I encountered a scam where the seller asked for additional payment after placing the order.,Fraud and Scam
286,"My order was processed incorrectly, and I received the wrong items.",Operational Issues
287,The product quality is excellent. It works exactly as described and exceeds my expectations.,Product Feedback
288,The customer service was outstanding. They resolved my issue within minutes.,Customer Service
289,The customer service was outstanding. They resolved my issue within minutes.,Customer Service
290,"I had to wait for a long time to get a response from customer service, which was frustrating.",Customer Service
291,Customer service was patient and provided a clear explanation for my concern.,Customer Service
292,No fraudulent activity or scam during my transaction.,Fraud and Scam
293,No fraudulent activity or scam during my transaction.,Fraud and Scam
294,Beware of fraudulent activities. I never received my order despite being charged.,Fraud and Scam
295,The product met my expectations and provided excellent value for money.,Product Feedback
296,"There were glitches on the website, making it difficult to complete my purchase.",Operational Issues
297,The product's features are intuitive and user-friendly.,Product Feedback
298,I suspect fraudulent activity as I was charged multiple times for a single purchase.,Fraud and Scam
299,Customer service was friendly and provided a quick resolution for my concern.,Customer Service
300,This site is a scam. They took my money and never sent the product.,Fraud and Scam
301,I encountered a scam where the seller asked for additional payment after placing the order.,Fraud and Scam
302,"The packaging was damaged upon arrival, and some items were missing from my order.",Operational Issues
303,Customer service was friendly and provided a quick resolution for my concern.,Customer Service
304,"There were glitches on the website, making it difficult to complete my purchase.",Operational Issues
305,"There were glitches on the website, making it difficult to complete my purchase.",Operational Issues
306,"The packaging was damaged upon arrival, and some items were missing from my order.",Operational Issues
307,The customer service was outstanding. They resolved my issue within minutes.,Customer Service
308,"The packaging was damaged upon arrival, and some items were missing from my order.",Operational Issues
309,I encountered a scam where the seller asked for additional payment after placing the order.,Fraud and Scam
310,The features of this product are innovative and very useful for my daily needs.,Product Feedback
311,"There were glitches on the website, making it difficult to complete my purchase.",Operational Issues
312,This site is a scam. They took my money and never sent the product.,Fraud and Scam
313,"I had to wait for a long time to get a response from customer service, which was frustrating.",Customer Service
314,"Unfortunately, the product did not meet my expectations. It stopped working after a week.",Product Feedback
315,The product's features are intuitive and easy to use.,Product Feedback
316,I found the product to be very durable and well-made. Highly recommended!,Product Feedback
317,"My order was processed incorrectly, and I received the wrong items.",Operational Issues
318,I was scammed by this seller. The product I received was not as advertised.,Fraud and Scam
319,"My order was processed incorrectly, and I received the wrong items.",Operational Issues
320,"Unfortunately, the product did not meet my expectations. It stopped working after a week.",Product Feedback
321,I faced several issues while placing my order on the website. It kept crashing.,Operational Issues
322,This site is a scam. They took my money and never sent the product.,Fraud and Scam
323,The customer service was outstanding. They resolved my issue within minutes.,Customer Service
324,"The packaging was damaged upon arrival, and some items were missing from my order.",Operational Issues
325,Great value for money. The product performs very well and is worth the price.,Product Feedback
326,No fraudulent activity or scam during my transaction.,Fraud and Scam
327,"The delivery was delayed by two weeks, which was very inconvenient.",Operational Issues
328,I encountered a scam where the seller asked for additional payment after placing the order.,Fraud and Scam
329,I suspect fraudulent activity as I was charged multiple times for a single purchase.,Fraud and Scam
330,"The packaging was damaged upon arrival, and some items were missing from my order.",Operational Issues
331,I was scammed by this seller. The product I received was not as advertised.,Fraud and Scam
332,I faced several issues while placing my order on the website. It kept crashing.,Operational Issues
333,The product's design is minimalist and functional.,Product Feedback
334,Beware of fraudulent activities. I never received my order despite being charged.,Fraud and Scam
335,"Unfortunately, the product did not meet my expectations. It stopped working after a week.",Product Feedback
336,"The delivery was delayed by two weeks, which was very inconvenient.",Operational Issues
337,"Unfortunately, the customer service was not helpful. My issue remains unresolved.",Customer Service
338,No fraudulent activity or scam during my transaction.,Fraud and Scam
339,I found the product to be very durable and well-made. Highly recommended!,Product Feedback
340,The features of this product are innovative and very useful for my daily needs.,Product Feedback
341,I found the product to be very durable and well-made. Highly recommended!,Product Feedback
342,The customer service was outstanding. They resolved my issue within minutes.,Customer Service
343,I was scammed by this seller. The product I received was not as advertised.,Fraud and Scam
344,I encountered a scam where the seller asked for additional payment after placing the order.,Fraud and Scam
345,"Unfortunately, the product did not meet my expectations. It stopped working after a week.",Product Feedback
346,The features of this product are innovative and very useful for my daily needs.,Product Feedback
347,"The delivery was delayed by two weeks, which was very inconvenient.",Operational Issues
348,Customer service was unhelpful and my issue remains unresolved.,Customer Service
349,"I was scammed by a fraudulent seller, they took my money and never sent the product.",Fraud and Scam
350,I had a great experience with the support team. They were very helpful and friendly.,Customer Service
351,I suspect fraudulent activity as I was charged multiple times for a single purchase.,Fraud and Scam
352,The product's features are user-friendly and intuitive.,Product Feedback
353,The customer service was outstanding. They resolved my issue within minutes.,Customer Service
354,This site is a scam. They took my money and never sent the product.,Fraud and Scam
355,Beware of fraudulent activities. I never received my order despite being charged.,Fraud and Scam
356,"The packaging was damaged upon arrival, and some items were missing from my order.",Operational Issues
357,Delivery was on time and the product was in excellent condition.,Operational Issues
358,I suspect fraudulent activity as I was charged multiple times for a single purchase.,Fraud and Scam
359,Delivery was on time and the product was in excellent condition.,Operational Issues
360,"Unfortunately, the product did not meet my expectations. It stopped working after a week.",Product Feedback
361,The support staff was knowledgeable and provided excellent assistance.,Customer Service
362,The product's design is stylish and contemporary.,Product Feedback
363,The support staff was knowledgeable and provided excellent assistance.,Customer Service
364,Beware of fraudulent activities. I never received my order despite being charged.,Fraud and Scam
365,"I was scammed, I received a product that was not authentic.",Fraud and Scam
366,This site is a scam. They took my money and never sent the product.,Fraud and Scam
367,"Unfortunately, the customer service was not helpful and my issue remains unresolved.",Customer Service
368,Great value for money. The product performs very well and is worth the price.,Product Feedback
369,"I had to wait for a long time to get a response from customer service, which was frustrating.",Customer Service
370,The product quality is excellent. It works exactly as described and exceeds my expectations.,Product Feedback
371,Customer service was patient and provided a clear explanation for my concern.,Customer Service
372,Customer service was unhelpful and my issue remains unresolved.,Customer Service
373,Customer service was unhelpful and my issue remains unresolved.,Customer Service
374,No fraudulent activity or scam during my transaction.,Fraud and Scam
375,"I had to wait for a long time to get a response from customer service, which was frustrating.",Customer Service
376,I was scammed by this seller. The product I received was not as advertised.,Fraud and Scam
377,The support staff was knowledgeable and provided excellent assistance.,Customer Service
378,The product's features are versatile and multifunctional.,Product Feedback
379,The product's performance is stable and reliable.,Product Feedback
380,I was scammed by this seller. The product I received was not as advertised.,Fraud and Scam
381,"I had to wait for a long time to get a response from customer service, which was frustrating.",Customer Service
382,"The delivery was delayed by two weeks, which was very inconvenient.",Operational Issues
383,Beware of fraudulent activities. I never received my order despite being charged.,Fraud and Scam
384,I had a great experience with the support team. They were very helpful and friendly.,Customer Service
385,The support staff was knowledgeable and provided excellent assistance.,Customer Service
386,"Unfortunately, the customer service was not helpful. My issue remains unresolved.",Customer Service
387,I suspect fraudulent activity as I was charged multiple times for a single purchase.,Fraud and Scam
388,The support staff was knowledgeable and provided excellent assistance.,Customer Service
389,I had a great experience with the support team. They were very helpful and friendly.,Customer Service
390,I was scammed by this seller. The product I received was not as advertised.,Fraud and Scam
391,The support staff was knowledgeable and provided excellent assistance.,Customer Service
392,"The delivery was delayed due to unforeseen circumstances, but the seller was transparent about the situation.",Operational Issues
393,The product's design is ergonomic and practical.,Product Feedback
394,I faced several issues while placing my order on the website. It kept crashing.,Operational Issues
395,No fraudulent activity or scam during my transaction.,Fraud and Scam
396,I encountered a scam where the seller asked for additional payment after placing the order.,Fraud and Scam
397,"My order was processed incorrectly, and I received the wrong items.",Operational Issues
398,I had a great experience with the support team. They were very helpful and friendly.,Customer Service
399,"The packaging was damaged upon arrival, and some items were missing from my order.",Operational Issues
400,"Unfortunately, the product did not meet my expectations. It stopped working after a week.",Product Feedback
401,"My order was processed incorrectly, and I received the wrong items.",Operational Issues
402,The support staff was knowledgeable and provided excellent assistance.,Customer Service
403,Beware of fraudulent activities. I never received my order despite being charged.,Fraud and Scam
404,The support staff was knowledgeable and provided excellent assistance.,Customer Service
405,I found the product to be very durable and well-made. Highly recommended!,Product Feedback
406,I faced several issues while placing my order on the website. It kept crashing.,Operational Issues
407,The product quality is excellent. It works exactly as described and exceeds my expectations.,Product Feedback
408,Delivery was on time and the product was in perfect condition.,Operational Issues
409,Great value for money. The product performs very well and is worth the price.,Product Feedback
410,I found the product to be very durable and well-made. Highly recommended!,Product Feedback
411,The customer service was outstanding. They resolved my issue within minutes.,Customer Service
412,"Unfortunately, the product did not meet my expectations. It stopped working after a week.",Product Feedback
413,"There were glitches on the website, making it difficult to complete my purchase.",Operational Issues
414,"Unfortunately, the product did not meet my expectations. It stopped working after a week.",Product Feedback
415,"There were glitches on the website, making it difficult to complete my purchase.",Operational Issues
416,I was scammed by this seller. The product I received was not as advertised.,Fraud and Scam
417,Delivery was on time and the product was in excellent condition.,Operational Issues
418,I was scammed by this seller. The product I received was not as advertised.,Fraud and Scam
419,The product quality is excellent. It works exactly as described and exceeds my expectations.,Product Feedback
420,I encountered a scam where the seller asked for additional payment after placing the order.,Fraud and Scam
421,Delivery was on time and the product was in excellent condition.,Operational Issues
422,No fraudulent activity or scam during my transaction.,Fraud and Scam
423,Beware of fraudulent activities. I never received my order despite being charged.,Fraud and Scam
424,I found the product to be very durable and well-made. Highly recommended!,Product Feedback
425,The features of this product are innovative and very useful for my daily needs.,Product Feedback
426,I was scammed by this seller. The product I received was not as advertised.,Fraud and Scam
427,"Unfortunately, the customer service was not helpful. My issue remains unresolved.",Customer Service
428,I had a great experience with the support team. They were very helpful and friendly.,Customer Service
429,The features of this product are innovative and very useful for my daily needs.,Product Feedback
430,"Delivery was delayed by a week, causing inconvenience.",Operational Issues
431,I suspect fraudulent activity as I was charged multiple times for a single purchase.,Fraud and Scam
432,"The product's design is modern and sleek, I love it!",Product Feedback
433,"Unfortunately, the product did not meet my expectations. It stopped working after a week.",Product Feedback
434,The product's performance is efficient and saves me time.,Product Feedback
435,Great value for money. The product performs very well and is worth the price.,Product Feedback
436,I was scammed and received a product that did not function properly.,Fraud and Scam
437,I had a great experience with the support team. They were very helpful and friendly.,Customer Service
438,The product's design is modern and elegant.,Product Feedback
439,"There were glitches on the website, making it difficult to complete my purchase.",Operational Issues
440,"I had to wait for a long time to get a response from customer service, which was frustrating.",Customer Service
441,Great value for money. The product performs very well and is worth the price.,Product Feedback
442,I found the product to be very durable and well-made. Highly recommended!,Product Feedback
443,Customer service was friendly and provided a quick resolution for my concern.,Customer Service
444,Delivery was on time and the product was in perfect condition.,Operational Issues
445,I was scammed by this seller. The product I received was not as advertised.,Fraud and Scam
446,The product quality is excellent. It works exactly as described and exceeds my expectations.,Product Feedback
447,Customer service was responsive and provided quick resolution.,Customer Service
448,I had a great experience with the support team. They were very helpful and friendly.,Customer Service
449,No signs of fraudulent activity or scam during my purchase.,Fraud and Scam
450,"I was unfortunately scammed, the product I received was not as advertised.",Fraud and Scam
451,The features of this product are innovative and very useful for my daily needs.,Product Feedback
452,Customer service was friendly and resolved my issue within minutes.,Customer Service
453,Beware of fraudulent activities. I never received my order despite being charged.,Fraud and Scam
454,This site is a scam. They took my money and never sent the product.,Fraud and Scam
455,The support staff was knowledgeable and provided excellent assistance.,Customer Service
456,The features of this product are innovative and very useful for my daily needs.,Product Feedback
457,"My order was processed incorrectly, and I received the wrong items.",Operational Issues
458,I was scammed by this seller. The product I received was not as advertised.,Fraud and Scam
459,"Unfortunately, the customer service was not helpful. My issue remains unresolved.",Customer Service
460,The customer service was outstanding. They resolved my issue within minutes.,Customer Service
461,The product's design is modern and sleek.,Product Feedback
462,"Unfortunately, the product did not meet my expectations. It stopped working after a week.",Product Feedback
463,The customer service was outstanding. They resolved my issue within minutes.,Customer Service
464,The features of this product are innovative and very useful for my daily needs.,Product Feedback
465,Suspected fraudulent activity as I was charged multiple times.,Fraud and Scam
466,Delivery was on time and the product was in perfect condition.,Operational Issues
467,"I had a great experience with the website, it was user-friendly and easy to navigate.",Operational Issues
468,Delivery was on time and the product was in perfect condition.,Operational Issues
469,Customer service was helpful and provided a quick resolution for my concern.,Customer Service
470,"The delivery was delayed by two weeks, which was very inconvenient.",Operational Issues
471,Customer service was unhelpful and my issue remains unresolved.,Customer Service
472,The product's performance is stable and reliable.,Product Feedback
473,Customer service was unhelpful and my issue remains unresolved.,Customer Service
474,"I faced several issues while placing my order on the website, but the support team was helpful and resolved them.",Operational Issues
475,Delivery was on time and the product was in perfect condition.,Operational Issues
476,"The delivery was delayed by two weeks, which was very inconvenient.",Operational Issues
477,I was scammed by this seller. The product I received was not as advertised.,Fraud and Scam
478,"Unfortunately, the product did not meet my expectations. It stopped working after a week.",Product Feedback
479,The features of this product are innovative and very useful for my daily needs.,Product Feedback
480,"My order was processed incorrectly, and I received the wrong items.",Operational Issues
481,This site is a scam. They took my money and never sent the product.,Fraud and Scam
482,Customer service was very professional and provided clear instructions throughout the purchasing process.,Customer Service
483,The customer service was outstanding. They resolved my issue within minutes.,Customer Service
484,"I had to wait for a long time to get a response from customer service, which was frustrating.",Customer Service
485,Beware of fraudulent activities. I never received my order despite being charged.,Fraud and Scam
486,"My order was processed incorrectly, and I received the wrong items.",Operational Issues
487,Customer service was helpful and resolved my issue promptly.,Customer Service
488,"There were glitches on the website, making it difficult to complete my purchase.",Operational Issues
489,"The delivery was delayed by two weeks, which was very inconvenient.",Operational Issues
490,I encountered a scam where the seller asked for additional payment after placing the order.,Fraud and Scam
491,"The packaging was damaged upon arrival, and some items were missing from my order.",Operational Issues
492,Customer service was helpful and provided quick resolution.,Customer Service
493,The customer service was outstanding. They resolved my issue within minutes.,Customer Service
494,Great value for money. The product performs very well and is worth the price.,Product Feedback
495,I had a great experience with the support team. They were very helpful and friendly.,Customer Service
496,The product quality is excellent. It works exactly as described and exceeds my expectations.,Product Feedback
497,"My order was processed incorrectly, and I received the wrong items.",Operational Issues
498,"There were glitches on the website, making it difficult to complete my purchase.",Operational Issues
499,"Delivery was delayed, but the company provided a satisfactory explanation and compensation.",Operational Issues
500,Beware of fraudulent activities. I never received my order despite being charged.,Fraud and Scam
501,I had a great experience with the support team. They were very helpful and friendly.,Customer Service
502,"I faced several issues while placing my order on the website, but the support team was helpful and resolved them.",Operational Issues
503,"Unfortunately, the product did not meet my expectations. It stopped working after a week.",Product Feedback
504,"The packaging was damaged upon arrival, and some items were missing from my order.",Operational Issues
505,The customer service was outstanding. They resolved my issue within minutes.,Customer Service
506,I faced several issues while placing my order on the website. It kept crashing.,Operational Issues
507,The support staff was knowledgeable and provided excellent assistance.,Customer Service
508,The support staff was knowledgeable and provided excellent assistance.,Customer Service
509,I suspect fraudulent activity as I was charged multiple times for a single purchase.,Fraud and Scam
510,"The delivery was delayed by two weeks, which was very inconvenient.",Operational Issues
511,"There were glitches on the website, making it difficult to complete my purchase.",Operational Issues
512,"Unfortunately, the product did not meet my expectations. It stopped working after a week.",Product Feedback
513,"There were glitches on the website, making it difficult to complete my purchase.",Operational Issues
514,"There were glitches on the website, making it difficult to complete my purchase.",Operational Issues
515,Great value for money. The product performs very well and is worth the price.,Product Feedback
516,This site is a scam. They took my money and never sent the product.,Fraud and Scam
517,"There were glitches on the website, making it difficult to complete my purchase.",Operational Issues
518,The product met my expectations and provided excellent value for money.,Product Feedback
519,Customer service was professional and provided a quick resolution for my issue.,Customer Service
520,I suspect fraudulent activity as I was charged multiple times for a single purchase.,Fraud and Scam
521,"My order was processed incorrectly, and I received the wrong items.",Operational Issues
522,I suspect fraudulent activity as I was charged multiple times for a single purchase.,Fraud and Scam
523,"Unfortunately, the customer service was not helpful. My issue remains unresolved.",Customer Service
524,"Unfortunately, the product did not meet my expectations. It stopped working after a week.",Product Feedback
525,"My order was processed incorrectly, and I received the wrong items.",Operational Issues
526,This site is a scam. They took my money and never sent the product.,Fraud and Scam
527,"The packaging was damaged upon arrival, and some items were missing from my order.",Operational Issues
528,Delivery was on time and the product was in excellent condition.,Operational Issues
529,Customer service was friendly and provided a quick resolution for my concern.,Customer Service
530,"There were glitches on the website, making it difficult to complete my purchase.",Operational Issues
531,I encountered a scam where the seller asked for additional payment after placing the order.,Fraud and Scam
532,"The packaging was damaged upon arrival, and some items were missing from my order.",Operational Issues
533,The features of this product are innovative and very useful for my daily needs.,Product Feedback
534,The product quality is excellent. It works exactly as described and exceeds my expectations.,Product Feedback
535,"Delivery was delayed, but the company provided a satisfactory explanation and compensation.",Operational Issues
536,The features of this product are innovative and very useful for my daily needs.,Product Feedback
537,Customer service was helpful and provided quick resolution.,Customer Service
538,"Unfortunately, the customer service was not helpful. My issue remains unresolved.",Customer Service
539,"The product is a game-changer, the features are incredibly useful and innovative.",Product Feedback
540,I faced several issues while placing my order on the website. It kept crashing.,Operational Issues
541,"Unfortunately, the product did not meet my expectations. It stopped working after a week.",Product Feedback
542,The product quality is excellent. It works exactly as described and exceeds my expectations.,Product Feedback
543,Delivery was on time and the product was in perfect condition.,Operational Issues
544,I encountered a scam where the seller asked for additional payment after placing the order.,Fraud and Scam
545,"The packaging was damaged upon arrival, and some items were missing from my order.",Operational Issues
546,"The packaging was damaged upon arrival, and some items were missing from my order.",Operational Issues
547,"Unfortunately, the product did not meet my expectations. It stopped working after a week.",Product Feedback
548,I faced several issues while placing my order on the website. It kept crashing.,Operational Issues
549,"The product's design is vintage and classic, I love it!",Product Feedback
550,The customer service was outstanding. They resolved my issue within minutes.,Customer Service
551,The product quality is excellent. It works exactly as described and exceeds my expectations.,Product Feedback
552,I found the product to be very durable and well-made. Highly recommended!,Product Feedback
553,I had a great experience with the support team. They were very helpful and friendly.,Customer Service
554,The product quality is excellent. It works exactly as described and exceeds my expectations.,Product Feedback
555,The product quality is excellent. It works exactly as described and exceeds my expectations.,Product Feedback
556,I had a great experience with the support team. They were very helpful and friendly.,Customer Service
557,I encountered a scam where the seller asked for additional payment after placing the order.,Fraud and Scam
558,"My order was processed incorrectly, and I received the wrong items.",Operational Issues
559,I had a great experience with the support team. They were very helpful and friendly.,Customer Service
560,This site is a scam. They took my money and never sent the product.,Fraud and Scam
561,Customer service was very professional and provided clear instructions throughout the purchasing process.,Customer Service
562,The product's design is minimalistic and sleek.,Product Feedback
563,"I had to wait for a long time to get a response from customer service, which was frustrating.",Customer Service
564,The ordering process was smooth and hassle-free. I received my product on time.,Operational Issues
565,I encountered a scam where the seller asked for additional payment after placing the order.,Fraud and Scam
566,The customer service team was knowledgeable and provided great assistance.,Customer Service
567,I faced several issues while placing my order on the website. It kept crashing.,Operational Issues
568,"I had to wait for a long time to get a response from customer service, which was frustrating.",Customer Service
569,"The packaging was damaged upon arrival, and some items were missing from my order.",Operational Issues
570,No signs of fraudulent activity or scam during my purchase.,Fraud and Scam
571,"The product is a great value, it performs well for the price.",Product Feedback
572,The product's performance is stable and robust.,Product Feedback
573,"My order was processed incorrectly, and I received the wrong items.",Operational Issues
574,Customer service was unresponsive and took a long time to resolve my issue.,Customer Service
575,No fraudulent activity or scam during my purchase.,Fraud and Scam
576,The support staff was knowledgeable and provided excellent assistance.,Customer Service
577,"Unfortunately, the product did not meet my expectations. It stopped working after a week.",Product Feedback
578,"I had to wait for a long time to get a response from customer service, which was frustrating.",Customer Service
579,The product quality is excellent. It works exactly as described and exceeds my expectations.,Product Feedback
580,"My order was processed incorrectly, and I received the wrong items.",Operational Issues
581,The product's design is minimalist and uncluttered.,Product Feedback
582,"The delivery was delayed by two weeks, which was very inconvenient.",Operational Issues
583,I had a great experience with the support team. They were very helpful and friendly.,Customer Service
584,The product's design is modern and stylish.,Product Feedback
585,"The packaging was damaged upon arrival, and some items were missing from my order.",Operational Issues
586,No signs of fraudulent activity or scam during my transaction.,Fraud and Scam
587,I had a great experience with the support team. They were very helpful and friendly.,Customer Service
588,"My order was processed incorrectly, and I received the wrong items.",Operational Issues
589,The product's quality is average and does not meet my expectations.,Product Feedback
590,Customer service was helpful and provided a satisfactory solution.,Customer Service
591,The product quality is excellent. It works exactly as described and exceeds my expectations.,Product Feedback
592,Delivery was on time and the product was in excellent condition.,Operational Issues
593,I had a great experience with the support team. They were very helpful and friendly.,Customer Service
594,The customer service was outstanding. They resolved my issue within minutes.,Customer Service
595,I suspect fraudulent activity as I was charged multiple times for a single purchase.,Fraud and Scam
596,"The packaging was damaged upon arrival, and some items were missing from my order.",Operational Issues
597,This site is a scam. They took my money and never sent the product.,Fraud and Scam
598,Customer service was helpful and provided a detailed explanation for my concern.,Customer Service
599,"Delivery was delayed, but the company provided a satisfactory explanation and compensation.",Operational Issues
600,Delivery was on time and the product was in excellent condition.,Operational Issues
601,The product quality is excellent. It works exactly as described and exceeds my expectations.,Product Feedback
602,The customer service was outstanding. They resolved my issue within minutes.,Customer Service
603,The features of this product are innovative and very useful for my daily needs.,Product Feedback
604,This site is a scam. They took my money and never sent the product.,Fraud and Scam
605,"My order was processed incorrectly, and I received the wrong items.",Operational Issues
606,"I had to wait for a long time to get a response from customer service, which was frustrating.",Customer Service
607,"The packaging was damaged upon arrival, and some items were missing from my order.",Operational Issues
608,This site is a scam. They took my money and never sent the product.,Fraud and Scam
609,"The product is a must-have, the features are incredibly useful and innovative.",Product Feedback
610,The product's performance is efficient and reliable.,Product Feedback
611,I faced several issues while placing my order on the website. It kept crashing.,Operational Issues
612,Customer service was friendly and provided a quick resolution for my concern.,Customer Service
613,This site is a scam. They took my money and never sent the product.,Fraud and Scam
614,No fraudulent activity or scam during my transaction.,Fraud and Scam
615,Customer service was unhelpful and my issue remains unresolved.,Customer Service
616,"I was a victim of fraud, the seller provided a counterfeit product.",Fraud and Scam
617,"My order was processed incorrectly, and I received the wrong items.",Operational Issues
618,The customer service was outstanding. They resolved my issue within minutes.,Customer Service
619,"The website had some technical issues, but the support team was quick to resolve them.",Operational Issues
620,"I was scammed, I received a product that did not meet my expectations.",Fraud and Scam
621,"Unfortunately, the product did not meet my expectations. It stopped working after a week.",Product Feedback
622,"I had a great experience with the website, it was user-friendly and easy to navigate.",Operational Issues
623,I encountered a scam where the seller asked for additional payment after placing the order.,Fraud and Scam
624,"The packaging was damaged upon arrival, and some items were missing from my order.",Operational Issues
625,I suspect fraudulent activity as I was charged multiple times for a single purchase.,Fraud and Scam
626,"The delivery was delayed by two weeks, which was very inconvenient.",Operational Issues
627,Great value for money. The product performs very well and is worth the price.,Product Feedback
628,This site is a scam. They took my money and never sent the product.,Fraud and Scam
629,No signs of fraudulent activity or scam during my transaction.,Fraud and Scam
630,"My order was processed incorrectly, and I received the wrong items.",Operational Issues
631,"I had to wait for a long time to get a response from customer service, which was frustrating.",Customer Service
632,"Delivery was delayed by a week, causing inconvenience.",Operational Issues
633,"Delivery was delayed, but the company provided a satisfactory explanation and compensation.",Operational Issues
634,"I was a victim of fraud, the seller provided a low-quality product that did not meet my expectations.",Fraud and Scam
635,Great value for money. The product performs very well and is worth the price.,Product Feedback
636,The product's design is functional and user-friendly.,Product Feedback
637,The features of this product are innovative and very useful for my daily needs.,Product Feedback
638,"The delivery was delayed by two weeks, which was very inconvenient.",Operational Issues
639,"The ordering process was smooth, but the delivery was delayed significantly.",Operational Issues
640,I suspect fraudulent activity as I was charged multiple times for a single purchase.,Fraud and Scam
641,I found the product to be very durable and well-made. Highly recommended!,Product Feedback
642,The features of this product are innovative and very useful for my daily needs.,Product Feedback
643,The support staff was knowledgeable and provided excellent assistance.,Customer Service
644,Great value for money. The product performs very well and is worth the price.,Product Feedback
645,This site is a scam. They took my money and never sent the product.,Fraud and Scam
646,"My order was processed incorrectly, and I received the wrong items.",Operational Issues
647,No fraudulent activity or scam during my transaction.,Fraud and Scam
648,Great value for money. The product performs very well and is worth the price.,Product Feedback
649,The support staff was knowledgeable and provided excellent assistance.,Customer Service
650,"The delivery was delayed by two weeks, which was very inconvenient.",Operational Issues
651,Customer service was friendly and provided a satisfactory explanation for my concern.,Customer Service
652,I found the product to be very durable and well-made. Highly recommended!,Product Feedback
653,Delivery was on time and the product was in excellent condition.,Operational Issues
654,No fraudulent activity or scam during my transaction.,Fraud and Scam
655,Delivery was on time and the product was in excellent condition.,Operational Issues
656,This site is a scam. They took my money and never sent the product.,Fraud and Scam
657,The product's features are customizable and personalizable.,Product Feedback
658,The product's design is ergonomic and practical.,Product Feedback
659,"The packaging was damaged upon arrival, and some items were missing from my order.",Operational Issues
660,Customer service was friendly and provided a quick resolution for my concern.,Customer Service
661,No fraudulent activity or scam during my transaction.,Fraud and Scam
662,I found the product to be very durable and well-made. Highly recommended!,Product Feedback
663,"There were glitches on the website, making it difficult to complete my purchase.",Operational Issues
664,I was scammed by this seller. The product I received was not as advertised.,Fraud and Scam
665,The support staff was knowledgeable and provided excellent assistance.,Customer Service
666,The features of this product are innovative and very useful for my daily needs.,Product Feedback
667,Customer service was helpful and provided a quick resolution for my issue.,Customer Service
668,The customer service was outstanding. They resolved my issue within minutes.,Customer Service
669,Customer service was helpful and provided quick resolution.,Customer Service
670,I suspect fraudulent activity as I was charged multiple times for a single purchase.,Fraud and Scam
671,"I had to wait for a long time to get a response from customer service, which was frustrating.",Customer Service
672,I suspect fraudulent activity as I was charged multiple times for a single purchase.,Fraud and Scam
673,Customer service was unhelpful and my issue remains unresolved.,Customer Service
674,This site is a scam. They took my money and never sent the product.,Fraud and Scam
675,No fraudulent activity or scam during my transaction.,Fraud and Scam
676,Great value for money. The product performs very well and is worth the price.,Product Feedback
677,Delivery was on time and the product was in perfect condition.,Operational Issues
678,The product's performance is reliable and efficient.,Product Feedback
679,I encountered a scam where the seller asked for additional payment after placing the order.,Fraud and Scam
680,I found the product to be very durable and well-made. Highly recommended!,Product Feedback
681,I suspect fraudulent activity as I was charged multiple times for a single purchase.,Fraud and Scam
682,I had a great experience with the support team. They were very helpful and friendly.,Customer Service
683,"The product's design is modern and sleek, I love it!",Product Feedback
684,I had a great experience with the support team. They were very helpful and friendly.,Customer Service
685,I was scammed by this seller. The product I received was not as advertised.,Fraud and Scam
686,No signs of fraudulent activity or scam during my purchase.,Fraud and Scam
687,"Delivery was delayed, but the company provided a satisfactory explanation and compensation.",Operational Issues
688,"The delivery was delayed by two weeks, which was very inconvenient.",Operational Issues
689,The product's design is minimalist and sleek.,Product Feedback
690,The product's performance is impressive and consistent.,Product Feedback
691,The customer service was outstanding. They resolved my issue within minutes.,Customer Service
692,I was scammed by this seller. The product I received was not as advertised.,Fraud and Scam
693,"I had to wait for a long time to get a response from customer service, which was frustrating.",Customer Service
694,Beware of fraudulent activities. I never received my order despite being charged.,Fraud and Scam
695,"There were glitches on the website, making it difficult to complete my purchase.",Operational Issues
696,The features of this product are innovative and very useful for my daily needs.,Product Feedback
697,Customer service was helpful and provided quick resolution.,Customer Service
698,"Unfortunately, the product did not meet my expectations. It stopped working after a week.",Product Feedback
699,"Unfortunately, the product did not meet my expectations. It stopped working after a week.",Product Feedback
700,The support staff was knowledgeable and provided excellent assistance.,Customer Service
701,Great value for money. The product performs very well and is worth the price.,Product Feedback
702,The product's design is simple and intuitive.,Product Feedback
703,I suspect fraudulent activity as I was charged multiple times for a single purchase.,Fraud and Scam
704,I encountered a scam where the seller asked for additional payment after placing the order.,Fraud and Scam
705,I found the product to be very durable and well-made. Highly recommended!,Product Feedback
706,Beware of fraudulent activities. I never received my order despite being charged.,Fraud and Scam
707,"Unfortunately, the customer service was not helpful. My issue remains unresolved.",Customer Service
708,Beware of fraudulent activities. I never received my order despite being charged.,Fraud and Scam
709,Beware of fraudulent activities. I never received my order despite being charged.,Fraud and Scam
710,"There were glitches on the website, making it difficult to complete my purchase.",Operational Issues
711,The support staff was knowledgeable and provided excellent assistance.,Customer Service
712,Beware of fraudulent activities. I never received my order despite being charged.,Fraud and Scam
713,"I was scammed, I received a product that did not function properly.",Fraud and Scam
714,Customer service was attentive and provided a detailed explanation for my concern.,Customer Service
715,Customer service was unresponsive and took a long time to resolve my issue.,Customer Service
716,The product quality is excellent. It works exactly as described and exceeds my expectations.,Product Feedback
717,No fraudulent activity or scam during my purchase.,Fraud and Scam
718,Customer service was knowledgeable and provided a detailed explanation for my concern.,Customer Service
719,The support team was knowledgeable and provided a satisfactory solution to my issue.,Customer Service
720,This site is a scam. They took my money and never sent the product.,Fraud and Scam
721,No signs of fraudulent activity or scam during my transaction.,Fraud and Scam
722,Delivery was on time and the product was in perfect condition.,Operational Issues
723,The product quality is excellent. It works exactly as described and exceeds my expectations.,Product Feedback
724,Great value for money. The product performs very well and is worth the price.,Product Feedback
725,I was scammed by this seller. The product I received was not as advertised.,Fraud and Scam
726,I found the product to be very durable and well-made. Highly recommended!,Product Feedback
727,"The packaging was damaged upon arrival, and some items were missing from my order.",Operational Issues
728,"Unfortunately, the product did not meet my expectations. It stopped working after a week.",Product Feedback
729,Delivery was on time and the product was in excellent condition.,Operational Issues
730,The customer service was outstanding. They resolved my issue within minutes.,Customer Service
731,I found the product to be very durable and well-made. Highly recommended!,Product Feedback
732,I faced several issues while placing my order on the website. It kept crashing.,Operational Issues
733,"Unfortunately, the product did not meet my expectations. It stopped working after a week.",Product Feedback
734,I found the product to be very durable and well-made. Highly recommended!,Product Feedback
735,"The packaging was damaged upon arrival, and some items were missing from my order.",Operational Issues
736,The features of this product are innovative and very useful for my daily needs.,Product Feedback
737,No fraudulent activity or scam during my transaction.,Fraud and Scam
738,"Unfortunately, the product did not meet my expectations. It stopped working after a week.",Product Feedback
739,The support staff was knowledgeable and provided excellent assistance.,Customer Service
740,I encountered a scam where the seller asked for additional payment after placing the order.,Fraud and Scam
741,"There were glitches on the website, making it difficult to complete my purchase.",Operational Issues
742,"The delivery was delayed by two weeks, which was very inconvenient.",Operational Issues
743,This site is a scam. They took my money and never sent the product.,Fraud and Scam
744,"Delivery was delayed, but the company provided a satisfactory explanation and compensation.",Operational Issues
745,The support team was knowledgeable and provided a satisfactory solution to my issue.,Customer Service
746,The support staff was knowledgeable and provided excellent assistance.,Customer Service
747,Beware of fraudulent activities. I never received my order despite being charged.,Fraud and Scam
748,I suspect fraudulent activity as I was charged multiple times for a single purchase.,Fraud and Scam
749,I had a great experience with the support team. They were very helpful and friendly.,Customer Service
750,This site is a scam. They took my money and never sent the product.,Fraud and Scam
751,"Unfortunately, the product did not meet my expectations. It stopped working after a week.",Product Feedback
752,Suspected fraudulent activity as I was charged multiple times.,Fraud and Scam
753,Delivery was on time and the product was in excellent condition.,Operational Issues
754,"My order was processed incorrectly, and I received the wrong items.",Operational Issues
755,The product's design is stylish and unique.,Product Feedback
756,Great value for money. The product performs very well and is worth the price.,Product Feedback
757,The customer service team was knowledgeable and provided great assistance.,Customer Service
758,"Unfortunately, the customer service was not helpful. My issue remains unresolved.",Customer Service
759,"There were glitches on the website, making it difficult to complete my purchase.",Operational Issues
760,"Delivery was delayed, but the company provided a satisfactory explanation and compensation.",Operational Issues
761,"I was scammed, I received a product that did not meet my expectations.",Fraud and Scam
762,"Unfortunately, the customer service was not helpful. My issue remains unresolved.",Customer Service
763,I suspect fraudulent activity as I was charged multiple times for a single purchase.,Fraud and Scam
764,I had a great experience with the support team. They were very helpful and friendly.,Customer Service
765,"I had a minor issue with the product, but the seller's support team was very responsive and provided a satisfactory solution.",Product Feedback
766,I found the product to be very durable and well-made. Highly recommended!,Product Feedback
767,"There were glitches on the website, making it difficult to complete my purchase.",Operational Issues
768,Suspected fraudulent activity as I was charged multiple times.,Fraud and Scam
769,"My order was processed incorrectly, and I received the wrong items.",Operational Issues
770,"Unfortunately, the customer service was not helpful. My issue remains unresolved.",Customer Service
771,I found the product to be very durable and well-made. Highly recommended!,Product Feedback
772,The customer service was outstanding. They resolved my issue within minutes.,Customer Service
773,I was scammed by this seller. The product I received was not as advertised.,Fraud and Scam
774,I faced several issues while placing my order on the website. It kept crashing.,Operational Issues
775,"I had to wait for a long time to get a response from customer service, which was frustrating.",Customer Service
776,Customer service was helpful and provided quick resolution.,Customer Service
777,The features of this product are innovative and very useful for my daily needs.,Product Feedback
778,"I had to wait for a long time to get a response from customer service, which was frustrating.",Customer Service
779,The features of this product are innovative and very useful for my daily needs.,Product Feedback
780,The support team was knowledgeable and provided a satisfactory solution to my issue.,Customer Service
781,No fraudulent activity or scam during my transaction.,Fraud and Scam
782,The support team was knowledgeable and provided a satisfactory solution to my issue.,Customer Service
783,Delivery was on time and the product was in excellent condition.,Operational Issues
784,The customer service was outstanding. They resolved my issue within minutes.,Customer Service
785,I had a great experience with the support team. They were very helpful and friendly.,Customer Service
786,This site is a scam. They took my money and never sent the product.,Fraud and Scam
787,"Unfortunately, the customer service was not helpful. My issue remains unresolved.",Customer Service
788,"My order was processed incorrectly, and I received the wrong items.",Operational Issues
789,The ordering process was smooth and hassle-free. I received my product on time.,Operational Issues
790,I suspect fraudulent activity as I was charged multiple times for a single purchase.,Fraud and Scam
791,Customer service was responsive and provided a quick resolution.,Customer Service
792,Beware of fraudulent activities. I never received my order despite being charged.,Fraud and Scam
793,"My order was processed incorrectly, and I received the wrong items.",Operational Issues
794,"There were glitches on the website, making it difficult to complete my purchase.",Operational Issues
795,"The packaging was damaged upon arrival, and some items were missing from my order.",Operational Issues
796,Beware of fraudulent activities. I never received my order despite being charged.,Fraud and Scam
797,The product features are impressive and I'm satisfied with my purchase.,Product Feedback
798,"There were glitches on the website, making it difficult to complete my purchase.",Operational Issues
799,I was scammed by this seller. The product I received was not as advertised.,Fraud and Scam
800,"The packaging was damaged upon arrival, and some items were missing from my order.",Operational Issues
801,"Unfortunately, the customer service was not helpful. My issue remains unresolved.",Customer Service
802,I faced several issues while placing my order on the website. It kept crashing.,Operational Issues
803,I found the product to be very durable and well-made. Highly recommended!,Product Feedback
804,I suspect fraudulent activity as I was charged multiple times for a single purchase.,Fraud and Scam
805,I found the product to be very durable and well-made. Highly recommended!,Product Feedback
806,Customer service was helpful and provided a detailed explanation for my concern.,Customer Service
807,Beware of fraudulent activities. I never received my order despite being charged.,Fraud and Scam
808,I was scammed by this seller. The product I received was not as advertised.,Fraud and Scam
809,Great value for money. The product performs very well and is worth the price.,Product Feedback
810,I suspect fraudulent activity as I was charged multiple times for a single purchase.,Fraud and Scam
811,I found the product to be very durable and well-made. Highly recommended!,Product Feedback
812,Great value for money. The product performs very well and is worth the price.,Product Feedback
813,I faced several issues while placing my order on the website. It kept crashing.,Operational Issues
814,"The delivery was delayed by two weeks, which was very inconvenient.",Operational Issues
815,No fraudulent activity or scam during my transaction.,Fraud and Scam
816,No fraudulent activity or scam during my transaction.,Fraud and Scam
817,The customer service was outstanding. They resolved my issue within minutes.,Customer Service
818,"The packaging was damaged upon arrival, and some items were missing from my order.",Operational Issues
819,"Unfortunately, the product did not meet my expectations. It stopped working after a week.",Product Feedback
820,"There were glitches on the website, making it difficult to complete my purchase.",Operational Issues
821,I was scammed by this seller. The product I received was not as advertised.,Fraud and Scam
822,I found the product to be very durable and well-made. Highly recommended!,Product Feedback
823,Great value for money. The product performs very well and is worth the price.,Product Feedback
824,I had a great experience with the support team. They were very helpful and friendly.,Customer Service
825,"My order was processed incorrectly, and I received the wrong items.",Operational Issues
826,No fraudulent activity or scam during my transaction.,Fraud and Scam
827,"The packaging was damaged upon arrival, and some items were missing from my order.",Operational Issues
828,"Unfortunately, the product did not meet my expectations. It stopped working after a week.",Product Feedback
829,"I was scammed, I received a product that was not authentic.",Fraud and Scam
830,Delivery was on time and the product was in excellent condition.,Operational Issues
831,"The delivery was delayed by two weeks, which was very inconvenient.",Operational Issues
832,"I had to wait for a long time to get a response from customer service, which was frustrating.",Customer Service
833,I found the product to be very durable and well-made. Highly recommended!,Product Feedback
834,Great value for money. The product performs very well and is worth the price.,Product Feedback
835,No fraudulent activity or scam during my transaction.,Fraud and Scam
836,I found the product to be very durable and well-made. Highly recommended!,Product Feedback
837,I had a great experience with the support team. They were very helpful and friendly.,Customer Service
838,I was scammed by this seller. The product I received was not as advertised.,Fraud and Scam
839,No signs of fraudulent activity or scam during my purchase.,Fraud and Scam
840,No fraudulent activity or scam during my transaction.,Fraud and Scam
841,No signs of fraudulent activity or scam during my transaction.,Fraud and Scam
842,Great value for money. The product performs very well and is worth the price.,Product Feedback
843,The customer service was outstanding. They resolved my issue within minutes.,Customer Service
844,I found the product to be very durable and well-made. Highly recommended!,Product Feedback
845,"Unfortunately, the customer service was not helpful. My issue remains unresolved.",Customer Service
846,I was scammed by this seller. The product I received was not as advertised.,Fraud and Scam
847,"Unfortunately, the customer service was not helpful. My issue remains unresolved.",Customer Service
848,"I had to wait for a long time to get a response from customer service, which was frustrating.",Customer Service
849,The product's quality is excellent and it performs as advertised.,Product Feedback
850,"Customer service was knowledgeable and patient, they guided me through the purchasing process.",Customer Service
851,Customer service was friendly and provided valuable insights for my query.,Customer Service
852,Delivery was on time and the product was in excellent condition.,Operational Issues
853,"My order was processed incorrectly, and I received the wrong items.",Operational Issues
854,The features of this product are innovative and very useful for my daily needs.,Product Feedback
855,I was scammed by this seller. The product I received was not as advertised.,Fraud and Scam
856,I found the product to be very durable and well-made. Highly recommended!,Product Feedback
857,No fraudulent activity or scam during my transaction.,Fraud and Scam
858,Customer service was patient and provided a clear explanation for my concern.,Customer Service
859,"I had to wait for a long time to get a response from customer service, which was frustrating.",Customer Service
860,Delivery was on time and the product was in perfect condition.,Operational Issues
861,"Unfortunately, the customer service was not helpful. My issue remains unresolved.",Customer Service
862,"Unfortunately, the customer service was not helpful. My issue remains unresolved.",Customer Service
863,The product's design is minimalist and understated.,Product Feedback
864,"There were glitches on the website, making it difficult to complete my purchase.",Operational Issues
865,"Unfortunately, the product did not meet my expectations. It stopped working after a week.",Product Feedback
866,I was scammed by this seller. The product I received was not as advertised.,Fraud and Scam
867,Great value for money. The product performs very well and is worth the price.,Product Feedback
868,I was scammed by this seller. The product I received was not as advertised.,Fraud and Scam
869,"I had to wait for a long time to get a response from customer service, which was frustrating.",Customer Service
870,"My order was processed incorrectly, and I received the wrong items.",Operational Issues
871,I encountered a scam where the seller asked for additional payment after placing the order.,Fraud and Scam
872,Beware of fraudulent activities. I never received my order despite being charged.,Fraud and Scam
873,"The packaging was damaged upon arrival, and some items were missing from my order.",Operational Issues
874,"Delivery was delayed, but the company provided a satisfactory explanation and compensation.",Operational Issues
875,The support team was knowledgeable and provided a satisfactory solution to my issue.,Customer Service
876,Delivery was on time and the product was in excellent condition.,Operational Issues
877,I was scammed by this seller. The product I received was not as advertised.,Fraud and Scam
878,This site is a scam. They took my money and never sent the product.,Fraud and Scam
879,No fraudulent activity or scam during my transaction.,Fraud and Scam
880,Customer service was responsive and provided a quick resolution.,Customer Service
881,Customer service was outstanding and resolved my issue within minutes.,Customer Service
882,I had a great experience with the support team. They were very helpful and friendly.,Customer Service
883,Customer service was helpful and provided a quick resolution for my concern.,Customer Service
884,The customer service was outstanding. They resolved my issue within minutes.,Customer Service
885,"The packaging was damaged upon arrival, and some items were missing from my order.",Operational Issues
886,"My order was processed incorrectly, and I received the wrong items.",Operational Issues
887,The support staff was knowledgeable and provided excellent assistance.,Customer Service
888,"The product is a great value, it performs well for the price.",Product Feedback
889,I encountered a scam where the seller asked for additional payment after placing the order.,Fraud and Scam
890,"The packaging was damaged upon arrival, and some items were missing from my order.",Operational Issues
891,Delivery was on time and the product was in perfect condition.,Operational Issues
892,Beware of fraudulent activities. I never received my order despite being charged.,Fraud and Scam
893,The support staff was knowledgeable and provided excellent assistance.,Customer Service
894,Delivery was on time and the product was in perfect condition.,Operational Issues
895,No fraudulent activity or scam during my transaction.,Fraud and Scam
896,The support staff was knowledgeable and provided excellent assistance.,Customer Service
897,I faced several issues while placing my order on the website. It kept crashing.,Operational Issues
898,"My order was processed incorrectly, and I received the wrong items.",Operational Issues
899,The support staff was knowledgeable and provided excellent assistance.,Customer Service
900,I had a great experience with the support team. They were very helpful and friendly.,Customer Service
901,The customer service was outstanding. They resolved my issue within minutes.,Customer Service
902,Customer service was helpful and provided a detailed explanation for my concern.,Customer Service
903,I had a great experience with the support team. They were very helpful and friendly.,Customer Service
904,I faced several issues while placing my order on the website. It kept crashing.,Operational Issues
905,"The ordering process was smooth, but the delivery was delayed significantly.",Operational Issues
906,"My order was processed incorrectly, and I received the wrong items.",Operational Issues
907,The product's features are user-friendly and intuitive.,Product Feedback
908,"There were glitches on the website, making it difficult to complete my purchase.",Operational Issues
909,The features of this product are innovative and very useful for my daily needs.,Product Feedback
910,The support team was unhelpful and my issue remains unresolved.,Customer Service
911,Delivery was on time and the product was in excellent condition.,Operational Issues
912,"Delivery was delayed, but the company provided a satisfactory explanation and compensation.",Operational Issues
913,I had a great experience with the support team. They were very helpful and friendly.,Customer Service
914,This site is a scam. They took my money and never sent the product.,Fraud and Scam
915,Great value for money. The product performs very well and is worth the price.,Product Feedback
916,Great value for money. The product performs very well and is worth the price.,Product Feedback
917,"The delivery was delayed by two weeks, which was very inconvenient.",Operational Issues
918,I faced several issues while placing my order on the website. It kept crashing.,Operational Issues
919,The delivery was on time and the packaging was in excellent condition.,Operational Issues
920,The product's features are customizable and adaptable.,Product Feedback
921,Great value for money. The product performs very well and is worth the price.,Product Feedback
922,The support staff was knowledgeable and provided excellent assistance.,Customer Service
923,The customer service was outstanding. They resolved my issue within minutes.,Customer Service
924,No fraudulent activity or scam during my transaction.,Fraud and Scam
925,I suspect fraudulent activity as I was charged multiple times for a single purchase.,Fraud and Scam
926,Great value for money. The product performs very well and is worth the price.,Product Feedback
927,Beware of fraudulent activities. I never received my order despite being charged.,Fraud and Scam
928,"My order was processed incorrectly, and I received the wrong items.",Operational Issues
929,"The packaging was damaged upon arrival, and some items were missing from my order.",Operational Issues
930,The product's features are user-friendly and convenient.,Product Feedback
931,I was scammed by this seller. The product I received was not as advertised.,Fraud and Scam
932,No fraudulent activity or scam during my transaction.,Fraud and Scam
933,"I had to wait for a long time to get a response from customer service, which was frustrating.",Customer Service
934,The support staff was knowledgeable and provided excellent assistance.,Customer Service
935,The product's design is elegant and timeless.,Product Feedback
936,I faced several issues while placing my order on the website. It kept crashing.,Operational Issues
937,Customer service was responsive and provided excellent assistance.,Customer Service
938,I was scammed by this seller. The product I received was not as advertised.,Fraud and Scam
939,The customer service was outstanding. They resolved my issue within minutes.,Customer Service
940,Customer service was unhelpful and my issue remains unresolved.,Customer Service
941,The support staff was knowledgeable and provided excellent assistance.,Customer Service
942,"My order was processed incorrectly, and I received the wrong items.",Operational Issues
943,No fraudulent activity or scam during my transaction.,Fraud and Scam
944,The product's design is classic and timeless.,Product Feedback
945,"My order was processed incorrectly, and I received the wrong items.",Operational Issues
946,I had a great experience with the support team. They were very helpful and friendly.,Customer Service
947,I faced several issues while placing my order on the website. It kept crashing.,Operational Issues
948,Delivery was on time and the product was in excellent condition.,Operational Issues
949,Delivery was on time and the product was in perfect condition.,Operational Issues
950,The features of this product are innovative and very useful for my daily needs.,Product Feedback
951,I had a great experience with the support team. They were very helpful and friendly.,Customer Service
952,I encountered a scam where the seller asked for additional payment after placing the order.,Fraud and Scam
953,Beware of fraudulent activities. I never received my order despite being charged.,Fraud and Scam
954,I found the product to be very durable and well-made. Highly recommended!,Product Feedback
955,Beware of fraudulent activities. I never received my order despite being charged.,Fraud and Scam
956,"There were glitches on the website, making it difficult to complete my purchase.",Operational Issues
957,I was scammed by this seller. The product I received was not as advertised.,Fraud and Scam
958,"I had to wait for a long time to get a response from customer service, which was frustrating.",Customer Service
959,I was scammed by this seller. The product I received was not as advertised.,Fraud and Scam
960,"The packaging was damaged upon arrival, and some items were missing from my order.",Operational Issues
961,I encountered a scam where the seller asked for additional payment after placing the order.,Fraud and Scam
962,No fraudulent activity or scam during my transaction.,Fraud and Scam
963,I was scammed by this seller. The product I received was not as advertised.,Fraud and Scam
964,No fraudulent activity or scam during my transaction.,Fraud and Scam
965,Beware of fraudulent activities. I never received my order despite being charged.,Fraud and Scam
966,The support staff was knowledgeable and provided excellent assistance.,Customer Service
967,"Delivery was delayed by a week, causing inconvenience.",Operational Issues
968,"Unfortunately, the customer service was not helpful and my issue remains unresolved.",Customer Service
969,I found the product to be very durable and well-made. Highly recommended!,Product Feedback
970,Customer service was friendly and provided a quick resolution for my concern.,Customer Service
971,Customer service was friendly and provided a quick resolution for my concern.,Customer Service
972,"The delivery was delayed by two weeks, which was very inconvenient.",Operational Issues
973,"Unfortunately, the product did not meet my expectations. It stopped working after a week.",Product Feedback
974,This site is a scam. They took my money and never sent the product.,Fraud and Scam
975,Delivery was on time and the product was in excellent condition.,Operational Issues
976,The customer service was outstanding. They resolved my issue within minutes.,Customer Service
977,Beware of fraudulent activities. I never received my order despite being charged.,Fraud and Scam
978,The features of this product are innovative and very useful for my daily needs.,Product Feedback
979,"My order was processed incorrectly, and I received the wrong items.",Operational Issues
980,"The delivery was delayed by two weeks, which was very inconvenient.",Operational Issues
981,The features of this product are innovative and very useful for my daily needs.,Product Feedback
982,The support staff was knowledgeable and provided excellent assistance.,Customer Service
983,"The delivery was delayed by two weeks, which was very inconvenient.",Operational Issues
984,The product quality is excellent. It works exactly as described and exceeds my expectations.,Product Feedback
985,The support staff was knowledgeable and provided excellent assistance.,Customer Service
986,"My order was processed incorrectly, and I received the wrong items.",Operational Issues
987,Customer service was responsive and provided quick resolution.,Customer Service
988,"The delivery was delayed by two weeks, which was very inconvenient.",Operational Issues
989,"I faced some difficulties while placing my order, the website kept crashing.",Operational Issues
990,The features of this product are innovative and very useful for my daily needs.,Product Feedback
991,The product quality is excellent. It works exactly as described and exceeds my expectations.,Product Feedback
992,The customer service was outstanding. They resolved my issue within minutes.,Customer Service
993,The delivery was on time and the packaging was in excellent condition.,Operational Issues
994,The features of this product are innovative and very useful for my daily needs.,Product Feedback
995,"I had to wait for a long time to get a response from customer service, which was frustrating.",Customer Service
996,I had a great experience with the support team. They were very helpful and friendly.,Customer Service
997,"The packaging was damaged upon arrival, and some items were missing from my order.",Operational Issues
998,The product's design is minimalistic and functional.,Product Feedback
999,The product quality is excellent. It works exactly as described and exceeds my expectations.,Product Feedback
1000,No fraudulent activity or scam during my transaction.,Fraud and Scam
